Workbook

Sheet 1 Raw data
B2: Raw data
B3: Everything is here, and nothing is said. Thirty rows is already past what a reader will scan.
B7: REVENUE ($MM)
B8: Year | C8: Physical | D8: Digital | E8: Total
B9: =Data!B9 | C9: =Data!C9 | D9: =Data!D9 | E9: =Data!E9
B10: =Data!B10 | C10: =Data!C10 | D10: =Data!D10 | E10: =Data!E10
B11: =Data!B11 | C11: =Data!C11 | D11: =Data!D11 | E11: =Data!E11
B12: =Data!B12 | C12: =Data!C12 | D12: =Data!D12 | E12: =Data!E12
B13: =Data!B13 | C13: =Data!C13 | D13: =Data!D13 | E13: =Data!E13
B14: =Data!B14 | C14: =Data!C14 | D14: =Data!D14 | E14: =Data!E14
B15: =Data!B15 | C15: =Data!C15 | D15: =Data!D15 | E15: =Data!E15
B16: =Data!B16 | C16: =Data!C16 | D16: =Data!D16 | E16: =Data!E16
B17: =Data!B17 | C17: =Data!C17 | D17: =Data!D17 | E17: =Data!E17
B18: =Data!B18 | C18: =Data!C18 | D18: =Data!D18 | E18: =Data!E18
B19: =Data!B19 | C19: =Data!C19 | D19: =Data!D19 | E19: =Data!E19
B20: =Data!B20 | C20: =Data!C20 | D20: =Data!D20 | E20: =Data!E20
... B38: =Data!B38 | C38: =Data!C38 | D38: =Data!D38 | E38: =Data!E38
B40: Source: RIAA U.S. Music Revenue Database · revenues adjusted for inflation to 2019 dollars

Sheet 2 Visualisation
B2: U.S. Music Revenue
B3: Physical and digital revenue, $ billions, adjusted to 2019 dollars. The shape is visible — the point is not yet made.
B8: Year | C8: Physical | D8: Digital | E8: Total
B9: =Data!B9 | C9: =Data!C9 | D9: =Data!D9 | E9: =Data!E9
B10: =Data!B10 | C10: =Data!C10 | D10: =Data!D10 | E10: =Data!E10
B11: =Data!B11 | C11: =Data!C11 | D11: =Data!D11 | E11: =Data!E11
B12: =Data!B12 | C12: =Data!C12 | D12: =Data!D12 | E12: =Data!E12
B13: =Data!B13 | C13: =Data!C13 | D13: =Data!D13 | E13: =Data!E13
B14: =Data!B14 | C14: =Data!C14 | D14: =Data!D14 | E14: =Data!E14
B15: =Data!B15 | C15: =Data!C15 | D15: =Data!D15 | E15: =Data!E15
B16: =Data!B16 | C16: =Data!C16 | D16: =Data!D16 | E16: =Data!E16
B17: =Data!B17 | C17: =Data!C17 | D17: =Data!D17 | E17: =Data!E17
B18: =Data!B18 | C18: =Data!C18 | D18: =Data!D18 | E18: =Data!E18
B19: =Data!B19 | C19: =Data!C19 | D19: =Data!D19 | E19: =Data!E19
B20: =Data!B20 | C20: =Data!C20 | D20: =Data!D20 | E20: =Data!E20
... B38: =Data!B38 | C38: =Data!C38 | D38: =Data!D38 | E38: =Data!E38
B40: Source: RIAA U.S. Music Revenue Database · revenues adjusted for inflation to 2019 dollars

Sheet 3 Storytelling
B2: Digital revenue climbed steadily with more internet adoption
B3: However, the music industry shrunk 50% comparing to 1999
B8: Year | C8: PHYSICAL | D8: DIGITAL | E8: Total
B9: =Data!B9 | C9: =Data!C9 | D9: =Data!D9 | E9: =Data!E9
B10: =Data!B10 | C10: =Data!C10 | D10: =Data!D10 | E10: =Data!E10
B11: =Data!B11 | C11: =Data!C11 | D11: =Data!D11 | E11: =Data!E11
B12: =Data!B12 | C12: =Data!C12 | D12: =Data!D12 | E12: =Data!E12
B13: =Data!B13 | C13: =Data!C13 | D13: =Data!D13 | E13: =Data!E13
B14: =Data!B14 | C14: =Data!C14 | D14: =Data!D14 | E14: =Data!E14
B15: =Data!B15 | C15: =Data!C15 | D15: =Data!D15 | E15: =Data!E15
B16: =Data!B16 | C16: =Data!C16 | D16: =Data!D16 | E16: =Data!E16
B17: =Data!B17 | C17: =Data!C17 | D17: =Data!D17 | E17: =Data!E17
B18: =Data!B18 | C18: =Data!C18 | D18: =Data!D18 | E18: =Data!E18
B19: =Data!B19 | C19: =Data!C19 | D19: =Data!D19 | E19: =Data!E19
B20: =Data!B20 | C20: =Data!C20 | D20: =Data!D20 | E20: =Data!E20
... B38: =Data!B38 | C38: =Data!C38 | D38: =Data!D38 | E38: =Data!E38
B42: iTunes Store opens (2003) | C42: 14 | D42: 0
C43: 14 | D43: 0.8
B45: =TEXT(E18/1000,"$0.0")&"B" | C45: 10 | D45: =E18/25000
B46: =TEXT(E38/1000,"$0.0")&"B" | C46: 30 | D46: =E38/25000
B47: =TEXT(B38,"0") | C47: 30 | D47: 0
B49: Source: RIAA U.S. Music Revenue Database · revenues adjusted for inflation to 2019 dollars

Sheet 4 Analyst
B2: Digital revenue climbed steadily with more internet adoption
B3: However, the music industry shrunk 50% comparing to 1999
B8: Year | C8: PHYSICAL | D8: DIGITAL | E8: Total | F8: Internet % | G8: Smartphone % | H8: Year tick
B9: =Data!B9 | C9: =Data!C9 | D9: =Data!D9 | E9: =Data!E9 | F9: =Data!F9
B10: =Data!B10 | C10: =Data!C10 | D10: =Data!D10 | E10: =Data!E10 | F10: =Data!F10
B11: =Data!B11 | C11: =Data!C11 | D11: =Data!D11 | E11: =Data!E11 | F11: =Data!F11
B12: =Data!B12 | C12: =Data!C12 | D12: =Data!D12 | E12: =Data!E12 | F12: =Data!F12
B13: =Data!B13 | C13: =Data!C13 | D13: =Data!D13 | E13: =Data!E13 | F13: =Data!F13
B14: =Data!B14 | C14: =Data!C14 | D14: =Data!D14 | E14: =Data!E14 | F14: =Data!F14
B15: =Data!B15 | C15: =Data!C15 | D15: =Data!D15 | E15: =Data!E15 | F15: =Data!F15
B16: =Data!B16 | C16: =Data!C16 | D16: =Data!D16 | E16: =Data!E16 | F16: =Data!F16
B17: =Data!B17 | C17: =Data!C17 | D17: =Data!D17 | E17: =Data!E17 | F17: =Data!F17
B18: =Data!B18 | C18: =Data!C18 | D18: =Data!D18 | E18: =Data!E18 | F18: =Data!F18
B19: =Data!B19 | C19: =Data!C19 | D19: =Data!D19 | E19: =Data!E19 | F19: =Data!F19
B20: =Data!B20 | C20: =Data!C20 | D20: =Data!D20 | E20: =Data!E20 | F20: =Data!F20
... B29: =Data!B29 | C29: =Data!C29 | D29: =Data!D29 | E29: =Data!E29 | F29: =Data!F29
B30: =Data!B30 | C30: =Data!C30 | D30: =Data!D30 | E30: =Data!E30 | F30: =Data!F30 | G30: =Data!G30
B31: =Data!B31 | C31: =Data!C31 | D31: =Data!D31 | E31: =Data!E31 | F31: =Data!F31 | G31: =Data!G31
B32: =Data!B32 | C32: =Data!C32 | D32: =Data!D32 | E32: =Data!E32 | F32: =Data!F32 | G32: =Data!G32
B33: =Data!B33 | C33: =Data!C33 | D33: =Data!D33 | E33: =Data!E33 | F33: =Data!F33 | G33: =Data!G33
B34: =Data!B34 | C34: =Data!C34 | D34: =Data!D34 | E34: =Data!E34 | F34: =Data!F34 | G34: =Data!G34
B35: =Data!B35 | C35: =Data!C35 | D35: =Data!D35 | E35: =Data!E35 | F35: =Data!F35 | G35: =Data!G35
B36: =Data!B36 | C36: =Data!C36 | D36: =Data!D36 | E36: =Data!E36 | F36: =Data!F36 | G36: =Data!G36
B37: =Data!B37 | C37: =Data!C37 | D37: =Data!D37 | E37: =Data!E37 | F37: =Data!F37 | G37: =Data!G37
B38: =Data!B38 | C38: =Data!C38 | D38: =Data!D38 | E38: =Data!E38 | F38: =Data!F38 | G38: =Data!G38 | H38: 0
B40: Source: RIAA U.S. Music Revenue Database · revenues adjusted for inflation to 2019 dollars
B41: Adoption: World Bank / ITU, Individuals using the Internet (% of US population); Pew Research Center Mobile Fact Sheet, % of US adults owning a smartphone (from 2011)
B42: Helper: the two line captions. Each is the series name for the chart, so the end label carries the 2019 value.
B43: ="Internet "&TEXT(F38,"0")&"%"
B44: ="Smartphone "&TEXT(G38,"0")&"%"
B45: Helper: one zero at the last year, drawn invisibly, so its data label can print 2019 on the axis.

Sheet Data
B2: Source data
B3: RIAA U.S. music revenue by format, $ millions, adjusted to 2019 dollars
B8: Year | C8: Physical | D8: Digital | E8: Total | F8: Internet % | G8: Smartphone %
B9: 1990 | C9: 14751 | D9: 0 | E9: =C9+D9 | F9: 0.79
B10: 1991 | C10: 14705 | D10: 0 | E10: =C10+D10 | F10: 1.16
B11: 1992 | C11: 16444 | D11: 0 | E11: =C11+D11 | F11: 1.72
B12: 1993 | C12: 17775 | D12: 0 | E12: =C12+D12 | F12: 2.27
B13: 1994 | C13: 20818 | D13: 0 | E13: =C13+D13 | F13: 4.86
B14: 1995 | C14: 20668 | D14: 0 | E14: =C14+D14 | F14: 9.24
B15: 1996 | C15: 20423 | D15: 0 | E15: =C15+D15 | F15: 16.4
B16: 1997 | C16: 19492 | D16: 0 | E16: =C16+D16 | F16: 21.6
B17: 1998 | C17: 21505 | D17: 0 | E17: =C17+D17 | F17: 30.1
B18: 1999 | C18: 22381 | D18: 0 | E18: =C18+D18 | F18: 35.8
B19: 2000 | C19: 21266 | D19: 0 | E19: =C19+D19 | F19: 43.08
B20: 2001 | C20: 19836 | D20: 0 | E20: =C20+D20 | F20: 49.08
... B29: 2010 | C29: 4295 | D29: 3928 | E29: =C29+D29 | F29: 71.69
B30: 2011 | C30: 3843 | D30: 4267 | E30: =C30+D30 | F30: 69.73 | G30: 35
B31: 2012 | C31: 3087 | D31: 4725 | E31: =C31+D31 | F31: 74.7 | G31: 46
B32: 2013 | C32: 2704 | D32: 5016 | E32: =C32+D32 | F32: 71.4 | G32: 56
B33: 2014 | C33: 2291 | D33: 4938 | E33: =C33+D33 | F33: 73 | G33: 58
B34: 2015 | C34: 2009 | D34: 5230 | E34: =C34+D34 | F34: 74.55 | G34: 68
B35: 2016 | C35: 1654 | D35: 6419 | E35: =C35+D35 | F35: 85.54 | G35: 72
B36: 2017 | C36: 1560 | D36: 7615 | E36: =C36+D36 | F36: 87.27 | G36: 77
B37: 2018 | C37: 1176 | D37: 8849 | E37: =C37+D37 | F37: 88.5 | G37: 77
B38: 2019 | C38: 1148 | D38: 9963 | E38: =C38+D38 | F38: 89.43 | G38: 81
B40: Source: RIAA U.S. Music Revenue Database · revenues adjusted for inflation to 2019 dollars
B41: Adoption: World Bank / ITU, Individuals using the Internet (% of US population); Pew Research Center Mobile Fact Sheet, % of US adults owning a smartphone (from 2011)
