Workbook

Sheet Playfair_1786
B2: Replica: the 1786 plate as Playfair engraved it
B3: Exports and Imports to and from Denmark & Norway, 1700-1780, thousands of pounds. Deliberately NOT house style - see the Balance sheet for that.
B5: Source: William Playfair, The Commercial and Political Atlas, London 1786, plate 'Exports and Imports to and from Denmark & Norway from 1700 to 1780', via historyofinformation.com entry 2929 · Values traced from the engraving to ±1, not transcribed from ledgers · Traced 18 Aug 2026
B6: Helper columns E:G exist only to fake the two coloured bands. Excel cannot fill between two lines, so the bands are a STACKED AREA chart: an invisible base at MIN(imports, exports), then the deficit gap, then the surplus gap. Only one of the two gaps is ever non-zero, so the stack tops out at MAX(imports, exports) and the two real lines are drawn on top of it as a line chart.
B8: Year | C8: Line of Imports | D8: Line of Exports | E8: Base (hidden) | F8: BALANCE AGAINST | G8: BALANCE in FAVOUR of | H8: 100
B9: =Data_Trade!B9 -> 1700 | C9: =Data_Trade!C9 -> 71.9 | D9: =Data_Trade!D9 -> 33.5 | E9: =MIN(C9,D9) -> 33.5 | F9: =MAX(C9-D9,0) -> 38.4 | G9: =MAX(D9-C9,0) -> 0 | H9: =100 -> 100
B10: =Data_Trade!B10 -> 1701 | C10: =Data_Trade!C10 -> 72.1 | D10: =Data_Trade!D10 -> 35.3 | E10: =MIN(C10,D10) -> 35.3 | F10: =MAX(C10-D10,0) -> 36.8 | G10: =MAX(D10-C10,0) -> 0 | H10: =100 -> 100
B11: =Data_Trade!B11 -> 1702 | C11: =Data_Trade!C11 -> 72.7 | D11: =Data_Trade!D11 -> 37.8 | E11: =MIN(C11,D11) -> 37.8 | F11: =MAX(C11-D11,0) -> 34.9 | G11: =MAX(D11-C11,0) -> 0 | H11: =100 -> 100
B12: =Data_Trade!B12 -> 1703 | C12: =Data_Trade!C12 -> 74.1 | D12: =Data_Trade!D12 -> 39.6 | E12: =MIN(C12,D12) -> 39.6 | F12: =MAX(C12-D12,0) -> 34.5 | G12: =MAX(D12-C12,0) -> 0 | H12: =100 -> 100
B13: =Data_Trade!B13 -> 1704 | C13: =Data_Trade!C13 -> 75.2 | D13: =Data_Trade!D13 -> 40.9 | E13: =MIN(C13,D13) -> 40.9 | F13: =MAX(C13-D13,0) -> 34.3 | G13: =MAX(D13-C13,0) -> 0 | H13: =100 -> 100
B14: =Data_Trade!B14 -> 1705 | C14: =Data_Trade!C14 -> 76.1 | D14: =Data_Trade!D14 -> 41.5 | E14: =MIN(C14,D14) -> 41.5 | F14: =MAX(C14-D14,0) -> 34.6 | G14: =MAX(D14-C14,0) -> 0 | H14: =100 -> 100
B15: =Data_Trade!B15 -> 1706 | C15: =Data_Trade!C15 -> 77 | D15: =Data_Trade!D15 -> 43.5 | E15: =MIN(C15,D15) -> 43.5 | F15: =MAX(C15-D15,0) -> 33.5 | G15: =MAX(D15-C15,0) -> 0 | H15: =100 -> 100
B16: =Data_Trade!B16 -> 1707 | C16: =Data_Trade!C16 -> 78.3 | D16: =Data_Trade!D16 -> 46.6 | E16: =MIN(C16,D16) -> 46.6 | F16: =MAX(C16-D16,0) -> 31.7 | G16: =MAX(D16-C16,0) -> 0 | H16: =100 -> 100
B17: =Data_Trade!B17 -> 1708 | C17: =Data_Trade!C17 -> 79.6 | D17: =Data_Trade!D17 -> 50.2 | E17: =MIN(C17,D17) -> 50.2 | F17: =MAX(C17-D17,0) -> 29.4 | G17: =MAX(D17-C17,0) -> 0 | H17: =100 -> 100
B18: =Data_Trade!B18 -> 1709 | C18: =Data_Trade!C18 -> 81.6 | D18: =Data_Trade!D18 -> 54.7 | E18: =MIN(C18,D18) -> 54.7 | F18: =MAX(C18-D18,0) -> 26.9 | G18: =MAX(D18-C18,0) -> 0 | H18: =100 -> 100
B19: =Data_Trade!B19 -> 1710 | C19: =Data_Trade!C19 -> 82.9 | D19: =Data_Trade!D19 -> 59.2 | E19: =MIN(C19,D19) -> 59.2 | F19: =MAX(C19-D19,0) -> 23.7 | G19: =MAX(D19-C19,0) -> 0 | H19: =100 -> 100
B20: =Data_Trade!B20 -> 1711 | C20: =Data_Trade!C20 -> 84 | D20: =Data_Trade!D20 -> 64 | E20: =MIN(C20,D20) -> 64 | F20: =MAX(C20-D20,0) -> 20 | G20: =MAX(D20-C20,0) -> 0 | H20: =100 -> 100
... B33: =Data_Trade!B33 -> 1724 | C33: =Data_Trade!C33 -> 102.8 | D33: =Data_Trade!D33 -> 73.8 | E33: =MIN(C33,D33) -> 73.8 | F33: =MAX(C33-D33,0) -> 29 | G33: =MAX(D33-C33,0) -> 0 | H33: =100 -> 100
B34: =Data_Trade!B34 -> 1725 | C34: =Data_Trade!C34 -> 102 | D34: =Data_Trade!D34 -> 73.1 | E34: =MIN(C34,D34) -> 73.1 | F34: =MAX(C34-D34,0) -> 28.9 | G34: =MAX(D34-C34,0) -> 0 | H34: =100 -> 100 | I34: Playfair's own caption: "The Bottom line is divided into Years, the Right hand line into L10,000 each."
B35: =Data_Trade!B35 -> 1726 | C35: =Data_Trade!C35 -> 102.8 | D35: =Data_Trade!D35 -> 72.1 | E35: =MIN(C35,D35) -> 72.1 | F35: =MAX(C35-D35,0) -> 30.7 | G35: =MAX(D35-C35,0) -> 0 | H35: =100 -> 100 | I35: Pink band = BALANCE AGAINST England (imports exceed exports). Buff band = BALANCE IN FAVOUR OF ENGLAND.
B36: =Data_Trade!B36 -> 1727 | C36: =Data_Trade!C36 -> 101.9 | D36: =Data_Trade!D36 -> 70.6 | E36: =MIN(C36,D36) -> 70.6 | F36: =MAX(C36-D36,0) -> 31.3 | G36: =MAX(D36-C36,0) -> 0 | H36: =100 -> 100
B37: =Data_Trade!B37 -> 1728 | C37: =Data_Trade!C37 -> 101 | D37: =Data_Trade!D37 -> 68.9 | E37: =MIN(C37,D37) -> 68.9 | F37: =MAX(C37-D37,0) -> 32.1 | G37: =MAX(D37-C37,0) -> 0 | H37: =100 -> 100 | I37: Source: William Playfair, The Commercial and Political Atlas, London 1786, plate 'Exports and Imports to and from Denmark & Norway from 1700 to 1780', via historyofinformation.com entry 2929 · Values traced from the engraving to ±1, not transcribed from ledgers · Traced 18 Aug 2026
B38: =Data_Trade!B38 -> 1729 | C38: =Data_Trade!C38 -> 100.1 | D38: =Data_Trade!D38 -> 67.4 | E38: =MIN(C38,D38) -> 67.4 | F38: =MAX(C38-D38,0) -> 32.7 | G38: =MAX(D38-C38,0) -> 0 | H38: =100 -> 100
B39: =Data_Trade!B39 -> 1730 | C39: =Data_Trade!C39 -> 97.8 | D39: =Data_Trade!D39 -> 65 | E39: =MIN(C39,D39) -> 65 | F39: =MAX(C39-D39,0) -> 32.8 | G39: =MAX(D39-C39,0) -> 0 | H39: =100 -> 100
B40: =Data_Trade!B40 -> 1731 | C40: =Data_Trade!C40 -> 96.7 | D40: =Data_Trade!D40 -> 63.5 | E40: =MIN(C40,D40) -> 63.5 | F40: =MAX(C40-D40,0) -> 33.2 | G40: =MAX(D40-C40,0) -> 0 | H40: =100 -> 100
B41: =Data_Trade!B41 -> 1732 | C41: =Data_Trade!C41 -> 95.2 | D41: =Data_Trade!D41 -> 62.4 | E41: =MIN(C41,D41) -> 62.4 | F41: =MAX(C41-D41,0) -> 32.8 | G41: =MAX(D41-C41,0) -> 0 | H41: =100 -> 100
B42: =Data_Trade!B42 -> 1733 | C42: =Data_Trade!C42 -> 94.3 | D42: =Data_Trade!D42 -> 61.5 | E42: =MIN(C42,D42) -> 61.5 | F42: =MAX(C42-D42,0) -> 32.8 | G42: =MAX(D42-C42,0) -> 0 | H42: =100 -> 100
B43: =Data_Trade!B43 -> 1734 | C43: =Data_Trade!C43 -> 94 | D43: =Data_Trade!D43 -> 61.4 | E43: =MIN(C43,D43) -> 61.4 | F43: =MAX(C43-D43,0) -> 32.6 | G43: =MAX(D43-C43,0) -> 0 | H43: =100 -> 100
B44: =Data_Trade!B44 -> 1735 | C44: =Data_Trade!C44 -> 93.4 | D44: =Data_Trade!D44 -> 61.4 | E44: =MIN(C44,D44) -> 61.4 | F44: =MAX(C44-D44,0) -> 32 | G44: =MAX(D44-C44,0) -> 0 | H44: =100 -> 100
B45: =Data_Trade!B45 -> 1736 | C45: =Data_Trade!C45 -> 93.6 | D45: =Data_Trade!D45 -> 61.3 | E45: =MIN(C45,D45) -> 61.3 | F45: =MAX(C45-D45,0) -> 32.3 | G45: =MAX(D45-C45,0) -> 0 | H45: =100 -> 100
B46: =Data_Trade!B46 -> 1737 | C46: =Data_Trade!C46 -> 93.5 | D46: =Data_Trade!D46 -> 62 | E46: =MIN(C46,D46) -> 62 | F46: =MAX(C46-D46,0) -> 31.5 | G46: =MAX(D46-C46,0) -> 0 | H46: =100 -> 100
B47: =Data_Trade!B47 -> 1738 | C47: =Data_Trade!C47 -> 93.4 | D47: =Data_Trade!D47 -> 63 | E47: =MIN(C47,D47) -> 63 | F47: =MAX(C47-D47,0) -> 30.4 | G47: =MAX(D47-C47,0) -> 0 | H47: =100 -> 100
B48: =Data_Trade!B48 -> 1739 | C48: =Data_Trade!C48 -> 93.5 | D48: =Data_Trade!D48 -> 64.3 | E48: =MIN(C48,D48) -> 64.3 | F48: =MAX(C48-D48,0) -> 29.2 | G48: =MAX(D48-C48,0) -> 0 | H48: =100 -> 100
B49: =Data_Trade!B49 -> 1740 | C49: =Data_Trade!C49 -> 93.5 | D49: =Data_Trade!D49 -> 66 | E49: =MIN(C49,D49) -> 66 | F49: =MAX(C49-D49,0) -> 27.5 | G49: =MAX(D49-C49,0) -> 0 | H49: =100 -> 100
... B89: =Data_Trade!B89 -> 1780 | C89: =Data_Trade!C89 -> 92.7 | D89: =Data_Trade!D89 -> 186.7 | E89: =MIN(C89,D89) -> 92.7 | F89: =MAX(C89-D89,0) -> 0 | G89: =MAX(D89-C89,0) -> 94 | H89: =100 -> 100

Sheet Balance
B2: England's trade with Denmark & Norway turned from deficit to surplus after 1755
B3: Annual exports and imports, thousands of pounds sterling, 1700-1780. The value axis runs 0-200 and is not truncated, so the slopes are honest.
B5: Source: William Playfair, The Commercial and Political Atlas, London 1786, plate 'Exports and Imports to and from Denmark & Norway from 1700 to 1780', via historyofinformation.com entry 2929 · Values traced from the engraving to ±1, not transcribed from ledgers · Traced 18 Aug 2026
B6: I9:K10 is the event-line helper block: two points at the same x, one at 0 and one at 1, drawn as a scatter line on a hidden 0-1 secondary axis. The caption is the series NAME, shown as the top point's data label.
B8: Year | C8: Imports | D8: Exports
B9: =Data_Trade!B9 -> 1700 | C9: =Data_Trade!C9 -> 71.9 | D9: =Data_Trade!D9 -> 33.5 | I9: Balance turns in England's favour, 1755 | J9: 56 | K9: 0
B10: =Data_Trade!B10 -> 1701 | C10: =Data_Trade!C10 -> 72.1 | D10: =Data_Trade!D10 -> 35.3 | J10: 56 | K10: 0.88
B11: =Data_Trade!B11 -> 1702 | C11: =Data_Trade!C11 -> 72.7 | D11: =Data_Trade!D11 -> 37.8
B12: =Data_Trade!B12 -> 1703 | C12: =Data_Trade!C12 -> 74.1 | D12: =Data_Trade!D12 -> 39.6
B13: =Data_Trade!B13 -> 1704 | C13: =Data_Trade!C13 -> 75.2 | D13: =Data_Trade!D13 -> 40.9
B14: =Data_Trade!B14 -> 1705 | C14: =Data_Trade!C14 -> 76.1 | D14: =Data_Trade!D14 -> 41.5
B15: =Data_Trade!B15 -> 1706 | C15: =Data_Trade!C15 -> 77 | D15: =Data_Trade!D15 -> 43.5
B16: =Data_Trade!B16 -> 1707 | C16: =Data_Trade!C16 -> 78.3 | D16: =Data_Trade!D16 -> 46.6
B17: =Data_Trade!B17 -> 1708 | C17: =Data_Trade!C17 -> 79.6 | D17: =Data_Trade!D17 -> 50.2
B18: =Data_Trade!B18 -> 1709 | C18: =Data_Trade!C18 -> 81.6 | D18: =Data_Trade!D18 -> 54.7
B19: =Data_Trade!B19 -> 1710 | C19: =Data_Trade!C19 -> 82.9 | D19: =Data_Trade!D19 -> 59.2
B20: =Data_Trade!B20 -> 1711 | C20: =Data_Trade!C20 -> 84 | D20: =Data_Trade!D20 -> 64
B21: =Data_Trade!B21 -> 1712 | C21: =Data_Trade!C21 -> 85 | D21: =Data_Trade!D21 -> 69.2
B22: =Data_Trade!B22 -> 1713 | C22: =Data_Trade!C22 -> 85.9 | D22: =Data_Trade!D22 -> 72.7
... B25: =Data_Trade!B25 -> 1716 | C25: =Data_Trade!C25 -> 89 | D25: =Data_Trade!D25 -> 78.4
B26: =Data_Trade!B26 -> 1717 | C26: =Data_Trade!C26 -> 90.2 | D26: =Data_Trade!D26 -> 78.2 | M26: Source: William Playfair, The Commercial and Political Atlas, London 1786, plate 'Exports and Imports to and from Denmark & Norway from 1700 to 1780', via historyofinformation.com entry 2929 · Values traced from the engraving to ±1, not transcribed from ledgers · Traced 18 Aug 2026
B27: =Data_Trade!B27 -> 1718 | C27: =Data_Trade!C27 -> 92.1 | D27: =Data_Trade!D27 -> 77.5
B28: =Data_Trade!B28 -> 1719 | C28: =Data_Trade!C28 -> 95 | D28: =Data_Trade!D28 -> 77.1
B29: =Data_Trade!B29 -> 1720 | C29: =Data_Trade!C29 -> 97.9 | D29: =Data_Trade!D29 -> 76.7
B30: =Data_Trade!B30 -> 1721 | C30: =Data_Trade!C30 -> 100 | D30: =Data_Trade!D30 -> 76
B31: =Data_Trade!B31 -> 1722 | C31: =Data_Trade!C31 -> 101.4 | D31: =Data_Trade!D31 -> 75.3
B32: =Data_Trade!B32 -> 1723 | C32: =Data_Trade!C32 -> 102.7 | D32: =Data_Trade!D32 -> 74.7
B33: =Data_Trade!B33 -> 1724 | C33: =Data_Trade!C33 -> 102.8 | D33: =Data_Trade!D33 -> 73.8
B34: =Data_Trade!B34 -> 1725 | C34: =Data_Trade!C34 -> 102 | D34: =Data_Trade!D34 -> 73.1
B35: =Data_Trade!B35 -> 1726 | C35: =Data_Trade!C35 -> 102.8 | D35: =Data_Trade!D35 -> 72.1
B36: =Data_Trade!B36 -> 1727 | C36: =Data_Trade!C36 -> 101.9 | D36: =Data_Trade!D36 -> 70.6
B37: =Data_Trade!B37 -> 1728 | C37: =Data_Trade!C37 -> 101 | D37: =Data_Trade!D37 -> 68.9
B38: =Data_Trade!B38 -> 1729 | C38: =Data_Trade!C38 -> 100.1 | D38: =Data_Trade!D38 -> 67.4
... B89: =Data_Trade!B89 -> 1780 | C89: =Data_Trade!C89 -> 92.7 | D89: =Data_Trade!D89 -> 186.7

Sheet Deviation
B2: Fifty-five years of deficit, then twenty-five of surplus
B3: Exports minus imports, thousands of pounds sterling. Midpoint is zero: teal is a balance in England's favour, claret a balance against. Bars carry signs, so the chart still reads in greyscale.
B5: Source: William Playfair, The Commercial and Political Atlas, London 1786, plate 'Exports and Imports to and from Denmark & Norway from 1700 to 1780', via historyofinformation.com entry 2929 · Values traced from the engraving to ±1, not transcribed from ledgers · Traced 18 Aug 2026
B6: Every bar carries invertIfNegative = False. Without it Excel draws the negative half hollow - white with an outline - and ignores the fill entirely.
B8: Year | C8: Imports | D8: Exports | E8: Balance
B9: =Data_Trade!B9 -> 1700 | C9: =Data_Trade!C9 -> 71.9 | D9: =Data_Trade!D9 -> 33.5 | E9: =D9-C9 -> -38.4
B10: =Data_Trade!B10 -> 1701 | C10: =Data_Trade!C10 -> 72.1 | D10: =Data_Trade!D10 -> 35.3 | E10: =D10-C10 -> -36.8
B11: =Data_Trade!B11 -> 1702 | C11: =Data_Trade!C11 -> 72.7 | D11: =Data_Trade!D11 -> 37.8 | E11: =D11-C11 -> -34.9
B12: =Data_Trade!B12 -> 1703 | C12: =Data_Trade!C12 -> 74.1 | D12: =Data_Trade!D12 -> 39.6 | E12: =D12-C12 -> -34.5
B13: =Data_Trade!B13 -> 1704 | C13: =Data_Trade!C13 -> 75.2 | D13: =Data_Trade!D13 -> 40.9 | E13: =D13-C13 -> -34.3
B14: =Data_Trade!B14 -> 1705 | C14: =Data_Trade!C14 -> 76.1 | D14: =Data_Trade!D14 -> 41.5 | E14: =D14-C14 -> -34.6
B15: =Data_Trade!B15 -> 1706 | C15: =Data_Trade!C15 -> 77 | D15: =Data_Trade!D15 -> 43.5 | E15: =D15-C15 -> -33.5
B16: =Data_Trade!B16 -> 1707 | C16: =Data_Trade!C16 -> 78.3 | D16: =Data_Trade!D16 -> 46.6 | E16: =D16-C16 -> -31.7
B17: =Data_Trade!B17 -> 1708 | C17: =Data_Trade!C17 -> 79.6 | D17: =Data_Trade!D17 -> 50.2 | E17: =D17-C17 -> -29.4
B18: =Data_Trade!B18 -> 1709 | C18: =Data_Trade!C18 -> 81.6 | D18: =Data_Trade!D18 -> 54.7 | E18: =D18-C18 -> -26.9
B19: =Data_Trade!B19 -> 1710 | C19: =Data_Trade!C19 -> 82.9 | D19: =Data_Trade!D19 -> 59.2 | E19: =D19-C19 -> -23.7
B20: =Data_Trade!B20 -> 1711 | C20: =Data_Trade!C20 -> 84 | D20: =Data_Trade!D20 -> 64 | E20: =D20-C20 -> -20
... B23: =Data_Trade!B23 -> 1714 | C23: =Data_Trade!C23 -> 87.1 | D23: =Data_Trade!D23 -> 75.7 | E23: =D23-C23 -> -11.4
B24: =Data_Trade!B24 -> 1715 | C24: =Data_Trade!C24 -> 87.8 | D24: =Data_Trade!D24 -> 77.5 | E24: =D24-C24 -> -10.3 | H24: Source: William Playfair, The Commercial and Political Atlas, London 1786, plate 'Exports and Imports to and from Denmark & Norway from 1700 to 1780', via historyofinformation.com entry 2929 · Values traced from the engraving to ±1, not transcribed from ledgers · Traced 18 Aug 2026
B25: =Data_Trade!B25 -> 1716 | C25: =Data_Trade!C25 -> 89 | D25: =Data_Trade!D25 -> 78.4 | E25: =D25-C25 -> -10.6
B26: =Data_Trade!B26 -> 1717 | C26: =Data_Trade!C26 -> 90.2 | D26: =Data_Trade!D26 -> 78.2 | E26: =D26-C26 -> -12
B27: =Data_Trade!B27 -> 1718 | C27: =Data_Trade!C27 -> 92.1 | D27: =Data_Trade!D27 -> 77.5 | E27: =D27-C27 -> -14.6
B28: =Data_Trade!B28 -> 1719 | C28: =Data_Trade!C28 -> 95 | D28: =Data_Trade!D28 -> 77.1 | E28: =D28-C28 -> -17.9
B29: =Data_Trade!B29 -> 1720 | C29: =Data_Trade!C29 -> 97.9 | D29: =Data_Trade!D29 -> 76.7 | E29: =D29-C29 -> -21.2
B30: =Data_Trade!B30 -> 1721 | C30: =Data_Trade!C30 -> 100 | D30: =Data_Trade!D30 -> 76 | E30: =D30-C30 -> -24
B31: =Data_Trade!B31 -> 1722 | C31: =Data_Trade!C31 -> 101.4 | D31: =Data_Trade!D31 -> 75.3 | E31: =D31-C31 -> -26.1
B32: =Data_Trade!B32 -> 1723 | C32: =Data_Trade!C32 -> 102.7 | D32: =Data_Trade!D32 -> 74.7 | E32: =D32-C32 -> -28
B33: =Data_Trade!B33 -> 1724 | C33: =Data_Trade!C33 -> 102.8 | D33: =Data_Trade!D33 -> 73.8 | E33: =D33-C33 -> -29
B34: =Data_Trade!B34 -> 1725 | C34: =Data_Trade!C34 -> 102 | D34: =Data_Trade!D34 -> 73.1 | E34: =D34-C34 -> -28.9
B35: =Data_Trade!B35 -> 1726 | C35: =Data_Trade!C35 -> 102.8 | D35: =Data_Trade!D35 -> 72.1 | E35: =D35-C35 -> -30.7
B36: =Data_Trade!B36 -> 1727 | C36: =Data_Trade!C36 -> 101.9 | D36: =Data_Trade!D36 -> 70.6 | E36: =D36-C36 -> -31.3
... B89: =Data_Trade!B89 -> 1780 | C89: =Data_Trade!C89 -> 92.7 | D89: =Data_Trade!D89 -> 186.7 | E89: =D89-C89 -> 94

Sheet Data_Trade
B2: Playfair's Denmark & Norway plate, traced back to numbers
B3: Thousands of pounds sterling. One row per year, 1700-1780. Every chart in this workbook reads this table through formulas.
B5: Source: William Playfair, The Commercial and Political Atlas, London 1786, plate 'Exports and Imports to and from Denmark & Norway from 1700 to 1780', via historyofinformation.com entry 2929 · Values traced from the engraving to ±1, not transcribed from ledgers · Traced 18 Aug 2026
B6: These are TRACED values: each curve was found by colour in the engraving, sampled at every year and converted through the plate's own gridlines. Accuracy is about ±1. They are not Playfair's ledger figures.
B8: Year | C8: Imports | D8: Exports | E8: Balance
B9: 1700 | C9: 71.9 | D9: 33.5 | E9: =D9-C9 -> -38.4
B10: 1701 | C10: 72.1 | D10: 35.3 | E10: =D10-C10 -> -36.8
B11: 1702 | C11: 72.7 | D11: 37.8 | E11: =D11-C11 -> -34.9
B12: 1703 | C12: 74.1 | D12: 39.6 | E12: =D12-C12 -> -34.5
B13: 1704 | C13: 75.2 | D13: 40.9 | E13: =D13-C13 -> -34.3
B14: 1705 | C14: 76.1 | D14: 41.5 | E14: =D14-C14 -> -34.6
B15: 1706 | C15: 77 | D15: 43.5 | E15: =D15-C15 -> -33.5
B16: 1707 | C16: 78.3 | D16: 46.6 | E16: =D16-C16 -> -31.7
B17: 1708 | C17: 79.6 | D17: 50.2 | E17: =D17-C17 -> -29.4
B18: 1709 | C18: 81.6 | D18: 54.7 | E18: =D18-C18 -> -26.9
B19: 1710 | C19: 82.9 | D19: 59.2 | E19: =D19-C19 -> -23.7
B20: 1711 | C20: 84 | D20: 64 | E20: =D20-C20 -> -20
... B89: 1780 | C89: 92.7 | D89: 186.7 | E89: =D89-C89 -> 94
