Workbook

Sheet Data
B2: How satisfied have you been with each of these features?
B3: Product X user satisfaction: features — % of respondents
B5: Feature names are illustrative. Percentages are transcribed from the reference survey chart; every row sums to 100.
B8: Feature | C8: Have not used | D8: Not satisfied at all | E8: Not very satisfied | F8: Somewhat satisfied | G8: Very satisfied | H8: Completely satisfied | J8: Usage | K8: Satisfied of users | L8: Dissatisfied of users
B9: Search | C9: 0 | D9: 1 | E9: 1 | F9: 11 | G9: 40 | H9: 47 | J9: =SUM(D9:H9) -> 100 | K9: =(G9+H9)/J9 -> 0.87 | L9: =(D9+E9)/J9 -> 0.02
B10: Mobile app | C10: 1 | D10: 2 | E10: 1 | F10: 13 | G10: 36 | H10: 47 | J10: =SUM(D10:H10) -> 99 | K10: =(G10+H10)/J10 -> 0.83838384 | L10: =(D10+E10)/J10 -> 0.03030303
B11: Notifications | C11: 2 | D11: 2 | E11: 5 | F11: 24 | G11: 34 | H11: 33 | J11: =SUM(D11:H11) -> 98 | K11: =(G11+H11)/J11 -> 0.68367347 | L11: =(D11+E11)/J11 -> 0.071428571
B12: File sharing | C12: 7 | D12: 2 | E12: 4 | F12: 21 | G12: 37 | H12: 29 | J12: =SUM(D12:H12) -> 93 | K12: =(G12+H12)/J12 -> 0.70967742 | L12: =(D12+E12)/J12 -> 0.064516129
B13: Calendar sync | C13: 5 | D13: 2 | E13: 6 | F13: 23 | G13: 36 | H13: 28 | J13: =SUM(D13:H13) -> 95 | K13: =(G13+H13)/J13 -> 0.67368421 | L13: =(D13+E13)/J13 -> 0.084210526
B14: Dashboards | C14: 13 | D14: 2 | E14: 5 | F14: 20 | G14: 35 | H14: 25 | J14: =SUM(D14:H14) -> 87 | K14: =(G14+H14)/J14 -> 0.68965517 | L14: =(D14+E14)/J14 -> 0.08045977
B15: Task comments | C15: 18 | D15: 3 | E15: 5 | F15: 15 | G15: 26 | H15: 33 | J15: =SUM(D15:H15) -> 82 | K15: =(G15+H15)/J15 -> 0.7195122 | L15: =(D15+E15)/J15 -> 0.097560976
B16: Templates | C16: 11 | D16: 3 | E16: 6 | F16: 23 | G16: 32 | H16: 25 | J16: =SUM(D16:H16) -> 89 | K16: =(G16+H16)/J16 -> 0.64044944 | L16: =(D16+E16)/J16 -> 0.1011236
B17: Time tracking | C17: 21 | D17: 3 | E17: 5 | F17: 17 | G17: 27 | H17: 27 | J17: =SUM(D17:H17) -> 79 | K17: =(G17+H17)/J17 -> 0.6835443 | L17: =(D17+E17)/J17 -> 0.10126582
B18: Bulk edit | C18: 2 | D18: 8 | E18: 14 | F18: 24 | G18: 27 | H18: 25 | J18: =SUM(D18:H18) -> 98 | K18: =(G18+H18)/J18 -> 0.53061224 | L18: =(D18+E18)/J18 -> 0.2244898
B19: Custom fields | C19: 27 | D19: 3 | E19: 4 | F19: 17 | G19: 28 | H19: 21 | J19: =SUM(D19:H19) -> 73 | K19: =(G19+H19)/J19 -> 0.67123288 | L19: =(D19+E19)/J19 -> 0.095890411
B20: Automations | C20: 27 | D20: 3 | E20: 4 | F20: 23 | G20: 27 | H20: 16 | J20: =SUM(D20:H20) -> 73 | K20: =(G20+H20)/J20 -> 0.5890411 | L20: =(D20+E20)/J20 -> 0.095890411
... B23: API access | C23: 50 | D23: 2 | E23: 6 | F23: 15 | G23: 16 | H23: 11 | J23: =SUM(D23:H23) -> 50 | K23: =(G23+H23)/J23 -> 0.54 | L23: =(D23+E23)/J23 -> 0.16
B25: Each row totals 100%
B26: Usage = every answer except 'have not used'. Both rates are taken over USAGE, not over all respondents — a feature half the base has never opened is judged on what its actual users think.

Sheet 1 All six
B2: How satisfied have you been with each of these features?
B3: Product X user satisfaction: features — % of respondents
T4: #0F5499
B5: Six ordered answers on one hue. Readable — but only the leftmost block starts at a common edge, so the two categories that matter float, and no two bars can be compared by length.
T6: #3F73A6

Sheet 2 Top two
B2: SEARCH and MOBILE APP has highest user satisfaction
B3: User satisfaction (%) by features
B5: Same numbers. 'Completely satisfied' is plotted first, so every positive block starts at zero and the bars can finally be compared to each other. Everything else recedes to grey.

Sheet 3 Dissatisfied
B2: GUEST ACCESS and BULK EDIT draw the most dissatisfaction
B3: Not very or not at all satisfied (%) by feature
B5: The same move as sheet 2, pointed at the other end of the scale. Both unhappy answers share one orange: the question is how much dissatisfaction there is, not how it splits between two grades.
B38: Ranked copy of the table, most dissatisfied first. Live formulas back to Data — the values follow an edit, the ORDER does not.
B40: Feature | C40: Have not used | D40: Not satisfied at all | E40: Not very satisfied | F40: Somewhat satisfied | G40: Very satisfied | H40: Completely satisfied
B41: =Data!B22 -> Guest access | C41: =Data!C22 -> 26 | D41: =Data!D22 -> 9 | E41: =Data!E22 -> 14 | F41: =Data!F22 -> 24 | G41: =Data!G22 -> 17 | H41: =Data!H22 -> 10
B42: =Data!B18 -> Bulk edit | C42: =Data!C18 -> 2 | D42: =Data!D18 -> 8 | E42: =Data!E18 -> 14 | F42: =Data!F18 -> 24 | G42: =Data!G18 -> 27 | H42: =Data!H18 -> 25
B43: =Data!B21 -> Report export | C43: =Data!C21 -> 33 | D43: =Data!D21 -> 3 | E43: =Data!E21 -> 8 | F43: =Data!F21 -> 25 | G43: =Data!G21 -> 18 | H43: =Data!H21 -> 13
B44: =Data!B16 -> Templates | C44: =Data!C16 -> 11 | D44: =Data!D16 -> 3 | E44: =Data!E16 -> 6 | F44: =Data!F16 -> 23 | G44: =Data!G16 -> 32 | H44: =Data!H16 -> 25
B45: =Data!B13 -> Calendar sync | C45: =Data!C13 -> 5 | D45: =Data!D13 -> 2 | E45: =Data!E13 -> 6 | F45: =Data!F13 -> 23 | G45: =Data!G13 -> 36 | H45: =Data!H13 -> 28
B46: =Data!B15 -> Task comments | C46: =Data!C15 -> 18 | D46: =Data!D15 -> 3 | E46: =Data!E15 -> 5 | F46: =Data!F15 -> 15 | G46: =Data!G15 -> 26 | H46: =Data!H15 -> 33
B47: =Data!B17 -> Time tracking | C47: =Data!C17 -> 21 | D47: =Data!D17 -> 3 | E47: =Data!E17 -> 5 | F47: =Data!F17 -> 17 | G47: =Data!G17 -> 27 | H47: =Data!H17 -> 27
B48: =Data!B23 -> API access | C48: =Data!C23 -> 50 | D48: =Data!D23 -> 2 | E48: =Data!E23 -> 6 | F48: =Data!F23 -> 15 | G48: =Data!G23 -> 16 | H48: =Data!H23 -> 11
B49: =Data!B11 -> Notifications | C49: =Data!C11 -> 2 | D49: =Data!D11 -> 2 | E49: =Data!E11 -> 5 | F49: =Data!F11 -> 24 | G49: =Data!G11 -> 34 | H49: =Data!H11 -> 33
B50: =Data!B14 -> Dashboards | C50: =Data!C14 -> 13 | D50: =Data!D14 -> 2 | E50: =Data!E14 -> 5 | F50: =Data!F14 -> 20 | G50: =Data!G14 -> 35 | H50: =Data!H14 -> 25
B51: =Data!B19 -> Custom fields | C51: =Data!C19 -> 27 | D51: =Data!D19 -> 3 | E51: =Data!E19 -> 4 | F51: =Data!F19 -> 17 | G51: =Data!G19 -> 28 | H51: =Data!H19 -> 21
B52: =Data!B20 -> Automations | C52: =Data!C20 -> 27 | D52: =Data!D20 -> 3 | E52: =Data!E20 -> 4 | F52: =Data!F20 -> 23 | G52: =Data!G20 -> 27 | H52: =Data!H20 -> 16
B53: =Data!B12 -> File sharing | C53: =Data!C12 -> 7 | D53: =Data!D12 -> 2 | E53: =Data!E12 -> 4 | F53: =Data!F12 -> 21 | G53: =Data!G12 -> 37 | H53: =Data!H12 -> 29
B54: =Data!B10 -> Mobile app | C54: =Data!C10 -> 1 | D54: =Data!D10 -> 2 | E54: =Data!E10 -> 1 | F54: =Data!F10 -> 13 | G54: =Data!G10 -> 36 | H54: =Data!H10 -> 47
B55: =Data!B9 -> Search | C55: =Data!C9 -> 0 | D55: =Data!D9 -> 1 | E55: =Data!E9 -> 1 | F55: =Data!F9 -> 11 | G55: =Data!G9 -> 40 | H55: =Data!H9 -> 47

Sheet 4 Not used
B2: API ACCESS is barely used — half have never touched it
B3: Have not used the feature (%), by feature
B5: Non-use is not dissatisfaction, so it gets its own colour and its own chart. A feature half the base has never opened cannot be judged on its satisfaction score at all. API access is lit; the other fourteen bars are the same hue one step lighter, so the ranking is still readable without competing with the point.
B38: Ranked copy of the table, least used first. Live formulas back to Data — the values follow an edit, the ORDER does not.
B40: Feature | C40: Have not used | D40: Not satisfied at all | E40: Not very satisfied | F40: Somewhat satisfied | G40: Very satisfied | H40: Completely satisfied
B41: =Data!B23 -> API access | C41: =Data!C23 -> 50 | D41: =Data!D23 -> 2 | E41: =Data!E23 -> 6 | F41: =Data!F23 -> 15 | G41: =Data!G23 -> 16 | H41: =Data!H23 -> 11
B42: =Data!B21 -> Report export | C42: =Data!C21 -> 33 | D42: =Data!D21 -> 3 | E42: =Data!E21 -> 8 | F42: =Data!F21 -> 25 | G42: =Data!G21 -> 18 | H42: =Data!H21 -> 13
B43: =Data!B19 -> Custom fields | C43: =Data!C19 -> 27 | D43: =Data!D19 -> 3 | E43: =Data!E19 -> 4 | F43: =Data!F19 -> 17 | G43: =Data!G19 -> 28 | H43: =Data!H19 -> 21
B44: =Data!B20 -> Automations | C44: =Data!C20 -> 27 | D44: =Data!D20 -> 3 | E44: =Data!E20 -> 4 | F44: =Data!F20 -> 23 | G44: =Data!G20 -> 27 | H44: =Data!H20 -> 16
B45: =Data!B22 -> Guest access | C45: =Data!C22 -> 26 | D45: =Data!D22 -> 9 | E45: =Data!E22 -> 14 | F45: =Data!F22 -> 24 | G45: =Data!G22 -> 17 | H45: =Data!H22 -> 10
B46: =Data!B17 -> Time tracking | C46: =Data!C17 -> 21 | D46: =Data!D17 -> 3 | E46: =Data!E17 -> 5 | F46: =Data!F17 -> 17 | G46: =Data!G17 -> 27 | H46: =Data!H17 -> 27
B47: =Data!B15 -> Task comments | C47: =Data!C15 -> 18 | D47: =Data!D15 -> 3 | E47: =Data!E15 -> 5 | F47: =Data!F15 -> 15 | G47: =Data!G15 -> 26 | H47: =Data!H15 -> 33
B48: =Data!B14 -> Dashboards | C48: =Data!C14 -> 13 | D48: =Data!D14 -> 2 | E48: =Data!E14 -> 5 | F48: =Data!F14 -> 20 | G48: =Data!G14 -> 35 | H48: =Data!H14 -> 25
B49: =Data!B16 -> Templates | C49: =Data!C16 -> 11 | D49: =Data!D16 -> 3 | E49: =Data!E16 -> 6 | F49: =Data!F16 -> 23 | G49: =Data!G16 -> 32 | H49: =Data!H16 -> 25
B50: =Data!B12 -> File sharing | C50: =Data!C12 -> 7 | D50: =Data!D12 -> 2 | E50: =Data!E12 -> 4 | F50: =Data!F12 -> 21 | G50: =Data!G12 -> 37 | H50: =Data!H12 -> 29
B51: =Data!B13 -> Calendar sync | C51: =Data!C13 -> 5 | D51: =Data!D13 -> 2 | E51: =Data!E13 -> 6 | F51: =Data!F13 -> 23 | G51: =Data!G13 -> 36 | H51: =Data!H13 -> 28
B52: =Data!B11 -> Notifications | C52: =Data!C11 -> 2 | D52: =Data!D11 -> 2 | E52: =Data!E11 -> 5 | F52: =Data!F11 -> 24 | G52: =Data!G11 -> 34 | H52: =Data!H11 -> 33
B53: =Data!B18 -> Bulk edit | C53: =Data!C18 -> 2 | D53: =Data!D18 -> 8 | E53: =Data!E18 -> 14 | F53: =Data!F18 -> 24 | G53: =Data!G18 -> 27 | H53: =Data!H18 -> 25
B54: =Data!B10 -> Mobile app | C54: =Data!C10 -> 1 | D54: =Data!D10 -> 2 | E54: =Data!E10 -> 1 | F54: =Data!F10 -> 13 | G54: =Data!G10 -> 36 | H54: =Data!H10 -> 47
B55: =Data!B9 -> Search | C55: =Data!C9 -> 0 | D55: =Data!D9 -> 1 | E55: =Data!E9 -> 1 | F55: =Data!F9 -> 11 | G55: =Data!G9 -> 40 | H55: =Data!H9 -> 47

Sheet 5 Annotated
B2: User satisfaction varies greatly by feature
B3: Product X user satisfaction: features
P5: #F4B183
P6: #ED7D31
P8: #0D7680
P9: #BF5700 | Z9: Search and the mobile app continue to top user satisfaction.
Z15: Users are least satisfied with bulk edit and guest access. What improvements can we make here for a better experience?
Z21: API access is least used — half have never touched it. What can we do to raise utilisation among existing users?
B28: Responses to "How satisfied have you been with each of these features?" Context still missing: how many people completed the survey, and what share of all users do they represent?

Sheet 6 Action map
B2: BULK EDIT is the one to fix: heavily used and widely disliked
B3: Dissatisfied share of users (%) against reach (% of respondents using it)
B5: Custom fields and Automations sit on the SAME POINT here (73%, 9.6%) — identical usage and identical dissatisfaction. Their labels are pushed apart; the markers genuinely coincide.
B42: Helper: the two split lines, then one anchor per quadrant caption. Each is a chart series; none is data.
C43: 85 | D43: 0
C44: 85 | D44: 0.35
C46: 40 | D46: 0.1
C47: 108 | D47: 0.1
C51: 106 | D51: 0.335
C52: 42 | D52: 0.335
C53: 86.5 | D53: 0.01
C54: 42 | D54: 0.01

Sheet 7 Satisfaction map
B2: TASK COMMENTS and TIME TRACKING are liked but under-adopted
B3: Satisfied share of users (%) against reach (% of respondents using it)
B5: The same plane read from the other side. Note it is NOT the mirror image: satisfaction and dissatisfaction do not sum to one, because 'somewhat satisfied' belongs to neither.
B42: Helper: the two split lines, then one anchor per quadrant caption. Each is a chart series; none is data.
C43: 85 | D43: 0.3
C44: 85 | D44: 0.95
C46: 40 | D46: 0.65
C47: 108 | D47: 0.65
C51: 106 | D51: 0.925
C52: 42 | D52: 0.925
C53: 106 | D53: 0.315
C54: 42 | D54: 0.315
