Workbook

Sheet Makeup_msg
B2: Daily makeup use fell in every category
B3: % reporting daily use, 2024 vs 2019
B8: Type | C8: 2024 | D8: 2019 | E8: Change (pp)
B9: Mascara | C9: 68 | D9: 75 | E9: =C9-D9 -> -7
B10: Lipstick | C10: 49 | D10: 56 | E10: =C10-D10 -> -7
B11: Foundation | C11: 34 | D11: 42 | E11: =C11-D11 -> -8
B12: Powder | C12: 33 | D12: 41 | E12: =C12-D12 -> -8
B13: Eyeshadow | C13: 31 | D13: 42 | E13: =C13-D13 -> -11
B14: Eyeliner | C14: 28 | D14: 39 | E14: =C14-D14 -> -11
B17: Values transcribed from a supplied chart image; originating survey not established. Add the citation before publishing.

Sheet Makeup
B2: Daily makeup use fell in every category
B3: % reporting daily use, 2024 vs 2019
B8: Type | C8: 2024 | D8: 2019 | E8: Change (pp)
B9: Mascara | C9: 68 | D9: 75 | E9: =C9-D9 -> -7
B10: Lipstick | C10: 49 | D10: 56 | E10: =C10-D10 -> -7
B11: Foundation | C11: 34 | D11: 42 | E11: =C11-D11 -> -8
B12: Powder | C12: 33 | D12: 41 | E12: =C12-D12 -> -8
B13: Eyeshadow | C13: 31 | D13: 42 | E13: =C13-D13 -> -11
B14: Eyeliner | C14: 28 | D14: 39 | E14: =C14-D14 -> -11
B17: Values transcribed from a supplied chart image; originating survey not established. Add the citation before publishing.

Sheet Vertical
B2: The same comparison as columns
B3: Side by side rather than overlapped; 2019 on the left
B8: Type | C8: 2024 | D8: 2019
B9: =Makeup!B9 -> Mascara | C9: =Makeup!C9 -> 68 | D9: =Makeup!D9 -> 75
B10: =Makeup!B10 -> Lipstick | C10: =Makeup!C10 -> 49 | D10: =Makeup!D10 -> 56
B11: =Makeup!B11 -> Foundation | C11: =Makeup!C11 -> 34 | D11: =Makeup!D11 -> 42
B12: =Makeup!B12 -> Powder | C12: =Makeup!C12 -> 33 | D12: =Makeup!D12 -> 41
B13: =Makeup!B13 -> Eyeshadow | C13: =Makeup!C13 -> 31 | D13: =Makeup!D13 -> 42
B14: =Makeup!B14 -> Eyeliner | C14: =Makeup!C14 -> 28 | D14: =Makeup!D14 -> 39

Sheet Dot plot
B2: The gap is the point
B3: Two dots and the distance between them, rather than two bar lengths to difference by eye
B8: Type | C8: 2024 | D8: 2019 | E8: Slot | F8: Bar
B9: =Makeup!B9 -> Mascara | C9: =Makeup!C9 -> 68 | D9: =Makeup!D9 -> 75 | E9: 1 | F9: 0
B10: =Makeup!B10 -> Lipstick | C10: =Makeup!C10 -> 49 | D10: =Makeup!D10 -> 56 | E10: 2 | F10: 0
B11: =Makeup!B11 -> Foundation | C11: =Makeup!C11 -> 34 | D11: =Makeup!D11 -> 42 | E11: 3 | F11: 0
B12: =Makeup!B12 -> Powder | C12: =Makeup!C12 -> 33 | D12: =Makeup!D12 -> 41 | E12: 4 | F12: 0
B13: =Makeup!B13 -> Eyeshadow | C13: =Makeup!C13 -> 31 | D13: =Makeup!D13 -> 42 | E13: 5 | F13: 0
B14: =Makeup!B14 -> Eyeliner | C14: =Makeup!C14 -> 28 | D14: =Makeup!D14 -> 39 | E14: 6 | F14: 0
B16: Helper: x/y pairs for the row rails and the connectors, one blank row between segments so a single series draws six separate rules.
G17: 0 | H17: 1 | J17: =D9 -> 75 | K17: 1
G18: 80 | H18: 1 | J18: =C9 -> 68 | K18: 1
G20: 0 | H20: 2 | J20: =D10 -> 56 | K20: 2
G21: 80 | H21: 2 | J21: =C10 -> 49 | K21: 2
G23: 0 | H23: 3 | J23: =D11 -> 42 | K23: 3
G24: 80 | H24: 3 | J24: =C11 -> 34 | K24: 3
G26: 0 | H26: 4 | J26: =D12 -> 41 | K26: 4
G27: 80 | H27: 4 | J27: =C12 -> 33 | K27: 4
G29: 0 | H29: 5 | J29: =D13 -> 42 | K29: 5
G30: 80 | H30: 5 | J30: =C13 -> 31 | K30: 5
G32: 0 | H32: 6 | J32: =D14 -> 39 | K32: 6
G33: 80 | H33: 6 | J33: =C14 -> 28 | K33: 6

Sheet Slope
B2: Every category fell between 2019 and 2024
B3: % reporting daily use; slope is the encoding, so the chart is taller than it is wide
B8: Type | C8: 2019 | D8: 2024
B9: =Makeup!B9 -> Mascara | C9: =Makeup!D9 -> 75 | D9: =Makeup!C9 -> 68 | F9: =TEXT(D9,"0")&"% "&B9 -> 68% Mascara
B10: =Makeup!B10 -> Lipstick | C10: =Makeup!D10 -> 56 | D10: =Makeup!C10 -> 49 | F10: =TEXT(D10,"0")&"% "&B10 -> 49% Lipstick
B11: =Makeup!B11 -> Foundation | C11: =Makeup!D11 -> 42 | D11: =Makeup!C11 -> 34 | F11: =TEXT(D11,"0")&"% "&B11 -> 34% Foundation
B12: =Makeup!B12 -> Powder | C12: =Makeup!D12 -> 41 | D12: =Makeup!C12 -> 33 | F12: =TEXT(D12,"0")&"% "&B12 -> 33% Powder
B13: =Makeup!B13 -> Eyeshadow | C13: =Makeup!D13 -> 42 | D13: =Makeup!C13 -> 31 | F13: =TEXT(D13,"0")&"% "&B13 -> 31% Eyeshadow
B14: =Makeup!B14 -> Eyeliner | C14: =Makeup!D14 -> 39 | D14: =Makeup!C14 -> 28 | F14: =TEXT(D14,"0")&"% "&B14 -> 28% Eyeliner
B16: Helper: the right-hand end labels. Each is a series name for the chart, so the caption carries the 2024 value.

Sheet Wrong chart type
B2: The same numbers as a line chart - and it is wrong
B3: A line says its points are connected. Makeup types have no order, so every slope here is an artefact of the row order, not a trend.
B8: Type | C8: 2024 | D8: 2019
B9: =Makeup!B9 -> Mascara | C9: =Makeup!C9 -> 68 | D9: =Makeup!D9 -> 75
B10: =Makeup!B10 -> Lipstick | C10: =Makeup!C10 -> 49 | D10: =Makeup!D10 -> 56
B11: =Makeup!B11 -> Foundation | C11: =Makeup!C11 -> 34 | D11: =Makeup!D11 -> 42
B12: =Makeup!B12 -> Powder | C12: =Makeup!C12 -> 33 | D12: =Makeup!D12 -> 41
B13: =Makeup!B13 -> Eyeshadow | C13: =Makeup!C13 -> 31 | D13: =Makeup!D13 -> 42
B14: =Makeup!B14 -> Eyeliner | C14: =Makeup!C14 -> 28 | D14: =Makeup!D14 -> 39
B16: Deliberately wrong. Re-sort the rows on the Makeup sheet and this chart changes shape while the data does not - that is the tell.
